Id,Organization_id,Name
1,1,Marina de Empresas
2,2,Marina de Empresas
3,3,Marina de Empresas
4,4,Marina de Empresas
5,5,Otro
6,6,Miembros
7,7,Otro
8,8,Otro
9,9,Otro
10,10,Miembros
11,11,Otro
12,12,Otro
13,13,Otro
14,14,Otro
15,15,Otro
16,16,Otro
17,17,Otro
18,18,Otro
19,19,Otro
20,20,Otro
21,21,Otro
22,22,Otro
23,23,Otro
24,24,Otro
25,25,Otro
26,26,Otro
27,27,Otro
28,28,Otro
29,29,Otro
30,30,Miembros
31,31,Miembros
32,32,Miembros
33,33,Miembros
34,34,Miembros
35,35,Miembros
36,36,Miembros
37,37,Miembros
38,38,Miembros
39,39,Miembros
40,40,Miembros
41,41,Miembros
42,42,Miembros
43,43,Miembros
44,44,Miembros
45,45,Miembros
46,46,Miembros
47,47,Miembros
48,48,Miembros
49,49,Miembros
50,50,Miembros
51,51,Miembros
52,52,Miembros
53,53,Miembros
54,54,Miembros
55,55,Miembros
56,56,Miembros
57,57,Miembros
58,58,Miembros
59,59,Miembros
60,60,Miembros
61,61,Miembros
62,62,Miembros
63,63,Miembros
64,64,Miembros
65,65,Miembros
66,66,Miembros
67,67,Miembros
68,68,Miembros
69,69,Miembros
70,70,Miembros
71,71,Miembros
72,72,Miembros
73,73,Miembros
74,74,Miembros
75,75,Miembros
76,76,Miembros
77,77,Miembros
78,78,Miembros
79,79,Miembros
80,80,Miembros
81,81,Miembros
82,82,Miembros
83,83,Miembros
84,84,Miembros
85,85,Miembros
86,86,Miembros
87,87,Miembros
88,88,Miembros
89,89,Miembros
90,90,Miembros
91,91,Miembros
92,92,Miembros
93,93,Miembros
94,94,Miembros
95,95,Miembros
96,96,Miembros
97,97,Miembros
98,98,Miembros
99,99,Miembros
100,100,Miembros
101,101,Miembros
102,102,Miembros
103,103,Miembros
104,104,Miembros
105,105,Miembros
106,106,Miembros
107,107,Miembros
108,108,Miembros
109,109,Miembros
110,110,Miembros
111,111,Miembros
112,112,Miembros
113,113,Miembros
114,114,Miembros
115,115,Miembros
116,116,Miembros
117,117,Miembros
118,118,Miembros
119,119,Miembros
120,120,Miembros
121,121,Miembros
122,122,Miembros
123,123,Miembros
124,124,Miembros
125,125,Miembros
126,126,Miembros
127,127,Miembros
128,128,Miembros
129,129,Miembros
130,130,Miembros
131,131,Miembros
132,132,Miembros
133,133,Miembros
134,134,Miembros
135,135,Miembros
136,136,Miembros
137,137,Miembros
138,138,Miembros
139,139,Miembros
140,140,Miembros
141,141,Otro
142,142,Miembros
143,143,Miembros
144,144,Miembros
145,145,Miembros
146,146,Miembros
147,147,Miembros
148,148,Miembros
149,149,Patronos
150,150,Patronos
151,151,Otro
152,152,Patronos
153,153,Patronos
154,154,Patronos
155,155,Patronos
156,156,Patronos
157,157,Patronos
158,158,Patronos
159,159,Patronos
160,160,Patronos
161,161,Patronos
162,162,Patronos
163,163,Patronos
164,164,Patronos
165,165,Patronos
166,166,Patronos
167,167,Patronos
168,168,Patronos
169,169,Patronos
170,170,Patronos
171,171,Patronos
172,172,Patronos
173,173,Centro Educativo
174,174,Centro Educativo
175,175,Centro Educativo
176,176,Centro Educativo
177,177,Centro Educativo
178,178,Centro Educativo
179,179,Centro Educativo
180,180,Centro Educativo
181,181,Centro Educativo
182,182,Centro Educativo
183,183,Centro Educativo
184,184,Centro Educativo
185,185,Centro Educativo
186,186,Centro Educativo
187,187,Centro Educativo
188,188,Centro Educativo
189,189,Centro Educativo
190,190,Centro Educativo
191,191,Centro Educativo
192,192,Centro Educativo
193,193,Centro Educativo
194,194,Centro Educativo
195,195,Centro Educativo
196,196,Centro Educativo
197,197,Centro Educativo
198,198,Centro Educativo